Repository,Commit,High Confidence,Medium Confidence,Low Confidence,High Severity,Medium Severity,Low Severity,Unique CWEs
seaborn,01fb7bb1bf20d7bd0335721ab9f5c733baac2fe4,6664,22,2,28,76,6584,"CWE-330, CWE-94, CWE-259, CWE-20, CWE-502, CWE-377, CWE-703, CWE-327, CWE-22, CWE-78"
seaborn,01fddcfa8724ff0e9aea475d9370051a0f5ef73c,6552,22,2,28,76,6472,"CWE-330, CWE-94, CWE-259, CWE-20, CWE-502, CWE-377, CWE-703, CWE-327, CWE-22, CWE-78"
seaborn,03d703b80f0fcc20a037d476af0d1fb25b5f3870,6682,22,2,28,76,6602,"CWE-330, CWE-94, CWE-259, CWE-20, CWE-502, CWE-377, CWE-703, CWE-327, CWE-22, CWE-78"
seaborn,056413d7393e3daec597d430c076e45938d53376,6694,22,2,28,76,6614,"CWE-330, CWE-94, CWE-259, CWE-20, CWE-502, CWE-377, CWE-703, CWE-327, CWE-22, CWE-78"
seaborn,07711372d1b7bdd2dd30a1546bbcd1de55232165,6550,22,2,28,76,6470,"CWE-330, CWE-94, CWE-259, CWE-20, CWE-502, CWE-377, CWE-703, CWE-327, CWE-22, CWE-78"
seaborn,082486d8505cee37416a855da65ff6349c7259e2,6566,22,2,28,76,6486,"CWE-330, CWE-94, CWE-259, CWE-20, CWE-502, CWE-377, CWE-703, CWE-327, CWE-22, CWE-78"
seaborn,09195d4c314d9477866ba4bd5cb650c3a7c01e41,6710,22,2,28,76,6630,"CWE-330, CWE-94, CWE-259, CWE-20, CWE-502, CWE-377, CWE-703, CWE-327, CWE-22, CWE-78"
seaborn,0a64c1aec2ecabe8d7f9b3c616f4f793b0b74f94,6556,22,2,28,76,6476,"CWE-330, CWE-94, CWE-259, CWE-20, CWE-502, CWE-377, CWE-703, CWE-327, CWE-22, CWE-78"
seaborn,0d46709b4a96f464070a4c635323b3d10315afed,6650,22,2,28,76,6570,"CWE-330, CWE-94, CWE-259, CWE-20, CWE-502, CWE-377, CWE-703, CWE-327, CWE-22, CWE-78"
seaborn,129ce703052ff56f27014a0d8e4e6203b531b7a8,6764,22,2,28,74,6686,"CWE-330, CWE-94, CWE-259, CWE-20, CWE-502, CWE-377, CWE-703, CWE-327, CWE-22, CWE-78"
seaborn,132440b1dae70a381136e99de93698303379a05f,6664,22,2,28,76,6584,"CWE-330, CWE-94, CWE-259, CWE-20, CWE-502, CWE-377, CWE-703, CWE-327, CWE-22, CWE-78"
seaborn,1617be03dc8f6c2977dbb31714e3ea9029ea3c9a,6694,22,2,28,76,6614,"CWE-330, CWE-94, CWE-259, CWE-20, CWE-502, CWE-377, CWE-703, CWE-327, CWE-22, CWE-78"
seaborn,16c025dcdcb5010b014dbca473673c78f4c594d7,6758,22,2,28,74,6680,"CWE-330, CWE-94, CWE-259, CWE-20, CWE-502, CWE-377, CWE-703, CWE-327, CWE-22, CWE-78"
seaborn,1771d8e2c903847d4274963638fbae32c52bd2d8,6710,22,2,28,76,6630,"CWE-330, CWE-94, CWE-259, CWE-20, CWE-502, CWE-377, CWE-703, CWE-327, CWE-22, CWE-78"
seaborn,1c0f4a24ade50f278a04e8b4131357488253fa6c,6654,22,2,28,76,6574,"CWE-330, CWE-94, CWE-259, CWE-20, CWE-502, CWE-377, CWE-703, CWE-327, CWE-22, CWE-78"
seaborn,1f788201822941a3aca7fedf0bcd49d16ebc313b,6636,22,2,28,76,6556,"CWE-330, CWE-94, CWE-259, CWE-20, CWE-502, CWE-377, CWE-703, CWE-327, CWE-22, CWE-78"
seaborn,20db4d4e14f962267dd1aab3f364cbf70b20d0c1,6548,22,2,28,76,6468,"CWE-330, CWE-94, CWE-259, CWE-20, CWE-502, CWE-377, CWE-703, CWE-327, CWE-22, CWE-78"
seaborn,23860365816440b050e9211e1c395a966de3c403,6578,22,2,28,74,6500,"CWE-330, CWE-94, CWE-259, CWE-20, CWE-502, CWE-377, CWE-703, CWE-327, CWE-22, CWE-78"
seaborn,2a469a2f5f3b7884536a7acca4c02a61e28628c3,6658,22,2,28,76,6578,"CWE-330, CWE-94, CWE-259, CWE-20, CWE-502, CWE-377, CWE-703, CWE-327, CWE-22, CWE-78"
seaborn,2bb945c01ad0c18f4c9faa516f0a75e7b89043ec,6670,22,2,28,76,6590,"CWE-330, CWE-94, CWE-259, CWE-20, CWE-502, CWE-377, CWE-703, CWE-327, CWE-22, CWE-78"
seaborn,2c115ed7626a236c772ee8a4eacdfa300c570e68,6694,22,2,28,76,6614,"CWE-330, CWE-94, CWE-259, CWE-20, CWE-502, CWE-377, CWE-703, CWE-327, CWE-22, CWE-78"
seaborn,2c2c84e8c5d8fe8ef6b00da5bd47a54c8f5f08da,6654,22,2,28,76,6574,"CWE-330, CWE-94, CWE-259, CWE-20, CWE-502, CWE-377, CWE-703, CWE-327, CWE-22, CWE-78"
seaborn,2f5ea60930b96b461107a564ee706aca9d00a6d3,6710,22,2,28,76,6630,"CWE-330, CWE-94, CWE-259, CWE-20, CWE-502, CWE-377, CWE-703, CWE-327, CWE-22, CWE-78"
seaborn,3351a17195227b114a2f398241fc66751ad6a8e4,6654,22,2,28,76,6574,"CWE-330, CWE-94, CWE-259, CWE-20, CWE-502, CWE-377, CWE-703, CWE-327, CWE-22, CWE-78"
seaborn,385e54676ca16d0132434bc9df6bc41ea8b2a0d4,6706,22,2,28,76,6626,"CWE-330, CWE-94, CWE-259, CWE-20, CWE-502, CWE-377, CWE-703, CWE-327, CWE-22, CWE-78"
seaborn,3d3d715989d1a9cecc2b08fb23c695b6bb686754,6548,22,2,28,76,6468,"CWE-330, CWE-94, CWE-259, CWE-20, CWE-502, CWE-377, CWE-703, CWE-327, CWE-22, CWE-78"
seaborn,3ef2a0f9580e5a4715be878c73751454089c945d,6578,22,2,28,74,6500,"CWE-330, CWE-94, CWE-259, CWE-20, CWE-502, CWE-377, CWE-703, CWE-327, CWE-22, CWE-78"
seaborn,45a098fd254b6b7385e708b29a556017808ecd40,6702,22,2,28,76,6622,"CWE-330, CWE-94, CWE-259, CWE-20, CWE-502, CWE-377, CWE-703, CWE-327, CWE-22, CWE-78"
seaborn,4888797c7aa9e77915474d72bfbbe1dcfe196d45,6654,22,2,28,76,6574,"CWE-330, CWE-94, CWE-259, CWE-20, CWE-502, CWE-377, CWE-703, CWE-327, CWE-22, CWE-78"
seaborn,4c90fa9422a65438b9f33c9d780dc72c1a38c3e4,6636,22,2,28,76,6556,"CWE-330, CWE-94, CWE-259, CWE-20, CWE-502, CWE-377, CWE-703, CWE-327, CWE-22, CWE-78"
seaborn,5023f2ee885a45200f5b63156a158ddf7272c29e,6706,22,2,28,76,6626,"CWE-330, CWE-94, CWE-259, CWE-20, CWE-502, CWE-377, CWE-703, CWE-327, CWE-22, CWE-78"
seaborn,5051ede2ee9715f41fbbf04323b900eb74ced41c,6694,22,2,28,76,6614,"CWE-330, CWE-94, CWE-259, CWE-20, CWE-502, CWE-377, CWE-703, CWE-327, CWE-22, CWE-78"
seaborn,515286e02be3e4c0ff2ef4addb34a53c4a676ee4,6766,22,2,28,74,6688,"CWE-330, CWE-94, CWE-259, CWE-20, CWE-502, CWE-377, CWE-703, CWE-327, CWE-22, CWE-78"
seaborn,54aeb181a1aae54f8bba1c5c79604783956dc198,6578,22,2,28,74,6500,"CWE-330, CWE-94, CWE-259, CWE-20, CWE-502, CWE-377, CWE-703, CWE-327, CWE-22, CWE-78"
seaborn,58cf6285d7299ac6dda83bbd4af8dbd019c58058,6562,22,2,28,74,6484,"CWE-330, CWE-94, CWE-259, CWE-20, CWE-502, CWE-377, CWE-703, CWE-327, CWE-22, CWE-78"
seaborn,58e0b0511dc157d8bcceb4064725fe296c938832,6746,22,2,28,74,6668,"CWE-330, CWE-94, CWE-259, CWE-20, CWE-502, CWE-377, CWE-703, CWE-327, CWE-22, CWE-78"
seaborn,58f170fe799ef496adae19925d7d4f0f14f8da95,6710,22,2,28,76,6630,"CWE-330, CWE-94, CWE-259, CWE-20, CWE-502, CWE-377, CWE-703, CWE-327, CWE-22, CWE-78"
seaborn,5d530ac2423d0cc825ef66ab3c8b8563a6441281,6566,22,2,28,76,6486,"CWE-330, CWE-94, CWE-259, CWE-20, CWE-502, CWE-377, CWE-703, CWE-327, CWE-22, CWE-78"
seaborn,5ef7c27aac9f96e97fa1aac0ba106bac7d3febf0,6710,22,2,28,76,6630,"CWE-330, CWE-94, CWE-259, CWE-20, CWE-502, CWE-377, CWE-703, CWE-327, CWE-22, CWE-78"
seaborn,63d91bf0298009effc9de889f7f419f59deb3960,6664,22,2,28,76,6584,"CWE-330, CWE-94, CWE-259, CWE-20, CWE-502, CWE-377, CWE-703, CWE-327, CWE-22, CWE-78"
seaborn,65d8692070aa79fca8c29cc715e4ada1a8e8298d,6638,22,2,28,76,6558,"CWE-330, CWE-94, CWE-259, CWE-20, CWE-502, CWE-377, CWE-703, CWE-327, CWE-22, CWE-78"
seaborn,67a777a54dd1064c3f9038733b1ed71c6d50a6af,6578,22,2,28,74,6500,"CWE-330, CWE-94, CWE-259, CWE-20, CWE-502, CWE-377, CWE-703, CWE-327, CWE-22, CWE-78"
seaborn,6890b315d00b74f372bc91f3929c803837b2ddf1,6710,22,2,28,76,6630,"CWE-330, CWE-94, CWE-259, CWE-20, CWE-502, CWE-377, CWE-703, CWE-327, CWE-22, CWE-78"
seaborn,6b9e2fb93ba3aa73e65a34c684c7cecd8382c749,6650,22,2,28,76,6570,"CWE-330, CWE-94, CWE-259, CWE-20, CWE-502, CWE-377, CWE-703, CWE-327, CWE-22, CWE-78"
seaborn,74a83017fd4114c78854b492f8f1d252083f3146,6566,22,2,28,76,6486,"CWE-330, CWE-94, CWE-259, CWE-20, CWE-502, CWE-377, CWE-703, CWE-327, CWE-22, CWE-78"
seaborn,7780305bae63d8be3416858ac35f6fa706bab4d6,6768,22,2,28,74,6690,"CWE-330, CWE-94, CWE-259, CWE-20, CWE-502, CWE-377, CWE-703, CWE-327, CWE-22, CWE-78"
seaborn,782b71ee81bae4c40f861d89f3ecc00d2c1c9543,6650,22,2,28,76,6570,"CWE-330, CWE-94, CWE-259, CWE-20, CWE-502, CWE-377, CWE-703, CWE-327, CWE-22, CWE-78"
seaborn,785708f4a4b5a4497958fa611df78da96b311879,6710,22,2,28,76,6630,"CWE-330, CWE-94, CWE-259, CWE-20, CWE-502, CWE-377, CWE-703, CWE-327, CWE-22, CWE-78"
seaborn,7aed2a044ce2754a53729251184d65b723ada892,6710,22,2,28,76,6630,"CWE-330, CWE-94, CWE-259, CWE-20, CWE-502, CWE-377, CWE-703, CWE-327, CWE-22, CWE-78"
seaborn,7e3da70b6b332673aa5f74cc8e03658d0ff990b0,6664,22,2,28,76,6584,"CWE-330, CWE-94, CWE-259, CWE-20, CWE-502, CWE-377, CWE-703, CWE-327, CWE-22, CWE-78"
seaborn,7e98bb899508b2a0db5015bb48dd3fdf890d5d98,6654,22,2,28,76,6574,"CWE-330, CWE-94, CWE-259, CWE-20, CWE-502, CWE-377, CWE-703, CWE-327, CWE-22, CWE-78"
seaborn,824c102525e6a29cde9bca1ce0096d50588fda6b,6764,22,2,28,74,6686,"CWE-330, CWE-94, CWE-259, CWE-20, CWE-502, CWE-377, CWE-703, CWE-327, CWE-22, CWE-78"
seaborn,863539d71e281d88a93de64581827b166d9e2f22,6654,22,2,28,76,6574,"CWE-330, CWE-94, CWE-259, CWE-20, CWE-502, CWE-377, CWE-703, CWE-327, CWE-22, CWE-78"
seaborn,865618d4f786d02eeedfef578ab2cd96e7351c30,6694,22,2,28,76,6614,"CWE-330, CWE-94, CWE-259, CWE-20, CWE-502, CWE-377, CWE-703, CWE-327, CWE-22, CWE-78"
seaborn,86b5481ca47cb46d3b3e079a5ed9b9fb46e315ef,6710,22,2,28,76,6630,"CWE-330, CWE-94, CWE-259, CWE-20, CWE-502, CWE-377, CWE-703, CWE-327, CWE-22, CWE-78"
seaborn,8ed641f767abf4017f86b61660bb3f84f765c37a,6658,22,2,28,76,6578,"CWE-330, CWE-94, CWE-259, CWE-20, CWE-502, CWE-377, CWE-703, CWE-327, CWE-22, CWE-78"
seaborn,9049ddd2e7676660b61fc19b88e773230f52f521,6586,22,2,28,74,6508,"CWE-330, CWE-94, CWE-259, CWE-20, CWE-502, CWE-377, CWE-703, CWE-327, CWE-22, CWE-78"
seaborn,9087437ad28e872ff73e5ff10ce6c2e7d511d650,6578,22,2,28,74,6500,"CWE-330, CWE-94, CWE-259, CWE-20, CWE-502, CWE-377, CWE-703, CWE-327, CWE-22, CWE-78"
seaborn,908ca95137c0e73bb6ac9ce9a8051577b6453138,6664,22,2,28,76,6584,"CWE-330, CWE-94, CWE-259, CWE-20, CWE-502, CWE-377, CWE-703, CWE-327, CWE-22, CWE-78"
seaborn,9276e22a424fe2c834eff85231d0c916e293d613,6754,22,2,28,74,6676,"CWE-330, CWE-94, CWE-259, CWE-20, CWE-502, CWE-377, CWE-703, CWE-327, CWE-22, CWE-78"
seaborn,92c22bc69955536947a0f538ae9fb7360223db1c,6650,22,2,28,76,6570,"CWE-330, CWE-94, CWE-259, CWE-20, CWE-502, CWE-377, CWE-703, CWE-327, CWE-22, CWE-78"
seaborn,9a0842d3a8449bc4d034792789495bd16a0f1615,6694,22,2,28,76,6614,"CWE-330, CWE-94, CWE-259, CWE-20, CWE-502, CWE-377, CWE-703, CWE-327, CWE-22, CWE-78"
seaborn,9a2196d42a53272e135809f1b042130d0875739a,6664,22,2,28,76,6584,"CWE-330, CWE-94, CWE-259, CWE-20, CWE-502, CWE-377, CWE-703, CWE-327, CWE-22, CWE-78"
seaborn,9af5cfe3cf4bf936aaadfaf42732e78562a04173,6638,22,2,28,76,6558,"CWE-330, CWE-94, CWE-259, CWE-20, CWE-502, CWE-377, CWE-703, CWE-327, CWE-22, CWE-78"
seaborn,9bdfc7484c15894dd35d58d3f16475389dfe4fe5,6710,22,2,28,76,6630,"CWE-330, CWE-94, CWE-259, CWE-20, CWE-502, CWE-377, CWE-703, CWE-327, CWE-22, CWE-78"
seaborn,a3cb0f1b33551eb25fed1907d0abdd0237fac215,6710,22,2,28,76,6630,"CWE-330, CWE-94, CWE-259, CWE-20, CWE-502, CWE-377, CWE-703, CWE-327, CWE-22, CWE-78"
seaborn,a42b894229c14825660ec72f4ead5760076ff9e9,6578,22,2,28,74,6500,"CWE-330, CWE-94, CWE-259, CWE-20, CWE-502, CWE-377, CWE-703, CWE-327, CWE-22, CWE-78"
seaborn,a8b6cac4c8293b10cd21586387832aa5cb5c3035,6654,22,2,28,76,6574,"CWE-330, CWE-94, CWE-259, CWE-20, CWE-502, CWE-377, CWE-703, CWE-327, CWE-22, CWE-78"
seaborn,aa3da42a006e11a858ffc841a02b183b588730dc,6664,22,2,28,76,6584,"CWE-330, CWE-94, CWE-259, CWE-20, CWE-502, CWE-377, CWE-703, CWE-327, CWE-22, CWE-78"
seaborn,acbb9cf8d447266021d873e06b6c119dae966a9b,6654,22,2,28,76,6574,"CWE-330, CWE-94, CWE-259, CWE-20, CWE-502, CWE-377, CWE-703, CWE-327, CWE-22, CWE-78"
seaborn,ae7acf0ce6e30ae773f513e0ccadbb7341cf5e90,6710,22,2,28,76,6630,"CWE-330, CWE-94, CWE-259, CWE-20, CWE-502, CWE-377, CWE-703, CWE-327, CWE-22, CWE-78"
seaborn,aebf7d8dba58b41090cefbfea4074682edf62349,6578,22,2,28,74,6500,"CWE-330, CWE-94, CWE-259, CWE-20, CWE-502, CWE-377, CWE-703, CWE-327, CWE-22, CWE-78"
seaborn,af613f1db95e2ebc02810a985723f7fab19ff01c,6554,22,2,28,74,6476,"CWE-330, CWE-94, CWE-259, CWE-20, CWE-502, CWE-377, CWE-703, CWE-327, CWE-22, CWE-78"
seaborn,b2f0de03b1663ecd74b717d023fe5a2578a590d3,6650,22,2,28,76,6570,"CWE-330, CWE-94, CWE-259, CWE-20, CWE-502, CWE-377, CWE-703, CWE-327, CWE-22, CWE-78"
seaborn,b3e6b8d62194577deabebaa595520a13d55cf269,6586,22,2,28,74,6508,"CWE-330, CWE-94, CWE-259, CWE-20, CWE-502, CWE-377, CWE-703, CWE-327, CWE-22, CWE-78"
seaborn,b49e595360ae8c065410691f9f507b7464157ad5,6694,22,2,28,76,6614,"CWE-330, CWE-94, CWE-259, CWE-20, CWE-502, CWE-377, CWE-703, CWE-327, CWE-22, CWE-78"
seaborn,b4e5f8d261d6d5524a00b7dd35e00a40e4855872,6710,22,2,28,76,6630,"CWE-330, CWE-94, CWE-259, CWE-20, CWE-502, CWE-377, CWE-703, CWE-327, CWE-22, CWE-78"
seaborn,b6737d5aec9a91bb8840cdda896a7970e1830d56,6752,22,2,28,74,6674,"CWE-330, CWE-94, CWE-259, CWE-20, CWE-502, CWE-377, CWE-703, CWE-327, CWE-22, CWE-78"
seaborn,b9333f900cc6c27e4f39dea57e0a034ba82ebf8a,6764,22,2,28,74,6686,"CWE-330, CWE-94, CWE-259, CWE-20, CWE-502, CWE-377, CWE-703, CWE-327, CWE-22, CWE-78"
seaborn,b95d6d1ce9dfed6970015d8bdad9068b5749868a,6710,22,2,28,76,6630,"CWE-330, CWE-94, CWE-259, CWE-20, CWE-502, CWE-377, CWE-703, CWE-327, CWE-22, CWE-78"
seaborn,bd784ca5cfb144610626f9c3ada2c7565fbee7dd,6694,22,2,28,76,6614,"CWE-330, CWE-94, CWE-259, CWE-20, CWE-502, CWE-377, CWE-703, CWE-327, CWE-22, CWE-78"
seaborn,c01e103d79de4f46313abc70df08c8c2ad54bf33,6638,22,2,28,76,6558,"CWE-330, CWE-94, CWE-259, CWE-20, CWE-502, CWE-377, CWE-703, CWE-327, CWE-22, CWE-78"
seaborn,c8459c28da688d1817aaec8acdb564c7acd42a90,6642,22,2,28,76,6562,"CWE-330, CWE-94, CWE-259, CWE-20, CWE-502, CWE-377, CWE-703, CWE-327, CWE-22, CWE-78"
seaborn,cbac948ef6eed8a86b42e59b18ae5e1f6bd37d77,6638,22,2,28,76,6558,"CWE-330, CWE-94, CWE-259, CWE-20, CWE-502, CWE-377, CWE-703, CWE-327, CWE-22, CWE-78"
seaborn,ce02525ef40f8291165d705343c7cda87981484a,6552,22,2,28,76,6472,"CWE-330, CWE-94, CWE-259, CWE-20, CWE-502, CWE-377, CWE-703, CWE-327, CWE-22, CWE-78"
seaborn,cfa74b4c1ab0e17b074c21604073d3152a4a0018,6694,22,2,28,76,6614,"CWE-330, CWE-94, CWE-259, CWE-20, CWE-502, CWE-377, CWE-703, CWE-327, CWE-22, CWE-78"
seaborn,d4b8de81f74a153bb3c15af760d956d32aad980b,6664,22,2,28,76,6584,"CWE-330, CWE-94, CWE-259, CWE-20, CWE-502, CWE-377, CWE-703, CWE-327, CWE-22, CWE-78"
seaborn,d767578eceafe5feb84817fcdc56296bf2731a6d,6710,22,2,28,76,6630,"CWE-330, CWE-94, CWE-259, CWE-20, CWE-502, CWE-377, CWE-703, CWE-327, CWE-22, CWE-78"
seaborn,d8476676a066c137ac43d50ad49b3ee586ea580f,6694,22,2,28,76,6614,"CWE-330, CWE-94, CWE-259, CWE-20, CWE-502, CWE-377, CWE-703, CWE-327, CWE-22, CWE-78"
seaborn,e00cae60fefd8be271f43d151948eff412b0dd15,6664,22,2,28,76,6584,"CWE-330, CWE-94, CWE-259, CWE-20, CWE-502, CWE-377, CWE-703, CWE-327, CWE-22, CWE-78"
seaborn,e0c2431789384559050cc81b8cd97dfbf7738bdc,6706,22,2,28,76,6626,"CWE-330, CWE-94, CWE-259, CWE-20, CWE-502, CWE-377, CWE-703, CWE-327, CWE-22, CWE-78"
seaborn,e71d95b661a069e85473ad347773d35317611486,6568,22,2,28,76,6488,"CWE-330, CWE-94, CWE-259, CWE-20, CWE-502, CWE-377, CWE-703, CWE-327, CWE-22, CWE-78"
seaborn,e9b5baa9e7e09665207efaf24405f0d417ef5649,6664,22,2,28,76,6584,"CWE-330, CWE-94, CWE-259, CWE-20, CWE-502, CWE-377, CWE-703, CWE-327, CWE-22, CWE-78"
seaborn,ea51c41b51e3cd7da2d431688fce36f329c5b84d,6664,22,2,28,76,6584,"CWE-330, CWE-94, CWE-259, CWE-20, CWE-502, CWE-377, CWE-703, CWE-327, CWE-22, CWE-78"
seaborn,eb0b5cc1c331d8ef7358caeb5c85df2781f69bb1,6710,22,2,28,76,6630,"CWE-330, CWE-94, CWE-259, CWE-20, CWE-502, CWE-377, CWE-703, CWE-327, CWE-22, CWE-78"
seaborn,f0136337211854b2e63e5d26bee8b12ab60e0f42,6664,22,2,28,76,6584,"CWE-330, CWE-94, CWE-259, CWE-20, CWE-502, CWE-377, CWE-703, CWE-327, CWE-22, CWE-78"
seaborn,f0b48e891a1bb573b7a46cfc9936dcd35d7d4f24,6710,22,2,28,76,6630,"CWE-330, CWE-94, CWE-259, CWE-20, CWE-502, CWE-377, CWE-703, CWE-327, CWE-22, CWE-78"
seaborn,fbc44d57b34dadbea765da3ae3d52cf4fa6effbf,6634,22,2,28,76,6554,"CWE-330, CWE-94, CWE-259, CWE-20, CWE-502, CWE-377, CWE-703, CWE-327, CWE-22, CWE-78"
seaborn,ff446eef75f87253c1e53f0e06f5307d2644ca00,6568,22,2,28,76,6488,"CWE-330, CWE-94, CWE-259, CWE-20, CWE-502, CWE-377, CWE-703, CWE-327, CWE-22, CWE-78"
pydantic,044d685765a4d208addaf2edd580317b15edc1d2,11766,62,6,26,122,11686,"CWE-330, CWE-605, CWE-259, CWE-20, CWE-502, CWE-377, CWE-703, CWE-327, CWE-400, CWE-22, CWE-78"
pydantic,05daaa968b4a77b6a995a4f68d8ce14d7a0d3333,11764,62,6,26,122,11684,"CWE-330, CWE-605, CWE-259, CWE-20, CWE-502, CWE-377, CWE-703, CWE-327, CWE-400, CWE-22, CWE-78"
pydantic,0abe442f54a985cbe9d441d581a5c816ae1e9d0b,11790,62,4,26,120,11710,"CWE-330, CWE-605, CWE-259, CWE-20, CWE-502, CWE-377, CWE-703, CWE-327, CWE-400, CWE-22, CWE-78"
pydantic,0b810630f8a85ad89384802ac69090a0c1c292e0,11730,62,6,26,122,11650,"CWE-330, CWE-605, CWE-259, CWE-20, CWE-502, CWE-377, CWE-703, CWE-327, CWE-400, CWE-22, CWE-78"
pydantic,0f54b6f78c975cc458da715c03e45b84dbb18ee4,11784,62,4,26,120,11704,"CWE-330, CWE-605, CWE-259, CWE-20, CWE-502, CWE-377, CWE-703, CWE-327, CWE-400, CWE-22, CWE-78"
pydantic,134bea6efc82e047665780d646fae08264baad7d,11786,62,6,26,122,11706,"CWE-330, CWE-605, CWE-259, CWE-20, CWE-502, CWE-377, CWE-703, CWE-327, CWE-400, CWE-22, CWE-78"
pydantic,144e426fa003ae2cdff979cd6ea2b6229291eb83,11774,62,6,26,122,11694,"CWE-330, CWE-605, CWE-259, CWE-20, CWE-502, CWE-377, CWE-703, CWE-327, CWE-400, CWE-22, CWE-78"
pydantic,14d14b03abaeaa3a470d9f77980d8ef81a12d14c,11752,62,6,26,122,11672,"CWE-330, CWE-605, CWE-259, CWE-20, CWE-502, CWE-377, CWE-703, CWE-327, CWE-400, CWE-22, CWE-78"
pydantic,1893af06bb744415ba0545d868685e1c56b384d4,11764,62,6,26,122,11684,"CWE-330, CWE-605, CWE-259, CWE-20, CWE-502, CWE-377, CWE-703, CWE-327, CWE-400, CWE-22, CWE-78"
pydantic,192845dc8901f2a653940ed7569bfd50eaa1f2f7,11760,62,6,26,122,11680,"CWE-330, CWE-605, CWE-259, CWE-20, CWE-502, CWE-377, CWE-703, CWE-327, CWE-400, CWE-22, CWE-78"
pydantic,1b625f2d47ff36616047668b196dc67792880e59,11764,62,6,26,122,11684,"CWE-330, CWE-605, CWE-259, CWE-20, CWE-502, CWE-377, CWE-703, CWE-327, CWE-400, CWE-22, CWE-78"
pydantic,1c698d7a6e3159070884bb8ba1a14ef7476e8194,11752,62,6,26,122,11672,"CWE-330, CWE-605, CWE-259, CWE-20, CWE-502, CWE-377, CWE-703, CWE-327, CWE-400, CWE-22, CWE-78"
pydantic,221275f22c5205f53fca84be57e594e5d0cb85bc,11760,62,6,26,122,11680,"CWE-330, CWE-605, CWE-259, CWE-20, CWE-502, CWE-377, CWE-703, CWE-327, CWE-400, CWE-22, CWE-78"
pydantic,2f3e1ac12b86f57a401a9421bb15747395f56cdf,11790,62,4,26,120,11710,"CWE-330, CWE-605, CWE-259, CWE-20, CWE-502, CWE-377, CWE-703, CWE-327, CWE-400, CWE-22, CWE-78"
pydantic,398b4bbeccc1acaf463595d995490fa93f347f9c,11774,62,6,26,122,11694,"CWE-330, CWE-605, CWE-259, CWE-20, CWE-502, CWE-377, CWE-703, CWE-327, CWE-400, CWE-22, CWE-78"
pydantic,3d768e7d221b804b0df91eb2a69f259b455286c1,11726,62,6,26,122,11646,"CWE-330, CWE-605, CWE-259, CWE-20, CWE-502, CWE-377, CWE-703, CWE-327, CWE-400, CWE-22, CWE-78"
pydantic,3edf80bcb987ec0d59b335b62abb3529189d0cec,11730,62,6,26,122,11650,"CWE-330, CWE-605, CWE-259, CWE-20, CWE-502, CWE-377, CWE-703, CWE-327, CWE-400, CWE-22, CWE-78"
pydantic,42b932822fb42a1393f57234f7eb9d79781d875a,11750,62,6,26,122,11670,"CWE-330, CWE-605, CWE-259, CWE-20, CWE-502, CWE-377, CWE-703, CWE-327, CWE-400, CWE-22, CWE-78"
pydantic,4358800a2ed69f5822af098cbdcb7b7506fb3d19,11718,62,6,26,122,11638,"CWE-330, CWE-605, CWE-259, CWE-20, CWE-502, CWE-377, CWE-703, CWE-327, CWE-400, CWE-22, CWE-78"
pydantic,46f30755fbd977c23527094f455ac6a1c4380481,11718,62,6,26,122,11638,"CWE-330, CWE-605, CWE-259, CWE-20, CWE-502, CWE-377, CWE-703, CWE-327, CWE-400, CWE-22, CWE-78"
pydantic,47222838a71ec6cd8272085c718ad02221087f20,11766,62,6,26,122,11686,"CWE-330, CWE-605, CWE-259, CWE-20, CWE-502, CWE-377, CWE-703, CWE-327, CWE-400, CWE-22, CWE-78"
pydantic,4a7ec17b5f8bcdd151ee35e4585fec3fb65bdf1a,11764,62,6,26,122,11684,"CWE-330, CWE-605, CWE-259, CWE-20, CWE-502, CWE-377, CWE-703, CWE-327, CWE-400, CWE-22, CWE-78"
pydantic,4e055d56471651bca5ce8907c671bc6339d309fe,11706,62,6,26,122,11626,"CWE-330, CWE-605, CWE-259, CWE-20, CWE-502, CWE-377, CWE-703, CWE-327, CWE-400, CWE-22, CWE-78"
pydantic,50aeeacb8324642df6ab73016e9a4ea91029046c,11786,62,4,26,120,11706,"CWE-330, CWE-605, CWE-259, CWE-20, CWE-502, CWE-377, CWE-703, CWE-327, CWE-400, CWE-22, CWE-78"
pydantic,50eb5d731ab015ca606aa504dc0b932fc8709a07,11764,62,6,26,122,11684,"CWE-330, CWE-605, CWE-259, CWE-20, CWE-502, CWE-377, CWE-703, CWE-327, CWE-400, CWE-22, CWE-78"
pydantic,52fe6854ec3fd6440c8523c54341acb637ffa258,11786,62,4,26,120,11706,"CWE-330, CWE-605, CWE-259, CWE-20, CWE-502, CWE-377, CWE-703, CWE-327, CWE-400, CWE-22, CWE-78"
pydantic,53a86ed3582882f632464f269e09349c8e8f112d,11774,62,6,26,122,11694,"CWE-330, CWE-605, CWE-259, CWE-20, CWE-502, CWE-377, CWE-703, CWE-327, CWE-400, CWE-22, CWE-78"
pydantic,53f8eced2b3f79a8571106a9fc5160e6e27702b5,11776,62,6,26,122,11696,"CWE-330, CWE-605, CWE-259, CWE-20, CWE-502, CWE-377, CWE-703, CWE-327, CWE-400, CWE-22, CWE-78"
pydantic,54710a1e7f44a9897f93eecd75fc9f1442c86e59,11764,62,6,26,122,11684,"CWE-330, CWE-605, CWE-259, CWE-20, CWE-502, CWE-377, CWE-703, CWE-327, CWE-400, CWE-22, CWE-78"
pydantic,55dd8daeb6091b9317b92836765f3f1396b3e9ba,11760,62,6,26,122,11680,"CWE-330, CWE-605, CWE-259, CWE-20, CWE-502, CWE-377, CWE-703, CWE-327, CWE-400, CWE-22, CWE-78"
pydantic,588436ec2609ce488e3810a91a55cf29b9dd81d6,11794,62,4,26,120,11714,"CWE-330, CWE-605, CWE-259, CWE-20, CWE-502, CWE-377, CWE-703, CWE-327, CWE-400, CWE-22, CWE-78"
pydantic,59b35de6564af0a971aae99807f0f562fa051e3e,11744,62,6,26,122,11664,"CWE-330, CWE-605, CWE-259, CWE-20, CWE-502, CWE-377, CWE-703, CWE-327, CWE-400, CWE-22, CWE-78"
pydantic,5aa6d914963af4e86d10c0e8e49ce64f98f4d64d,11774,62,6,26,122,11694,"CWE-330, CWE-605, CWE-259, CWE-20, CWE-502, CWE-377, CWE-703, CWE-327, CWE-400, CWE-22, CWE-78"
pydantic,5d92c05af13fc932c49a2d73ed74a4e6b5734c1c,11726,62,6,26,122,11646,"CWE-330, CWE-605, CWE-259, CWE-20, CWE-502, CWE-377, CWE-703, CWE-327, CWE-400, CWE-22, CWE-78"
pydantic,5e368925f607d47c4d98a709b170ea13615b05f2,11764,62,6,26,122,11684,"CWE-330, CWE-605, CWE-259, CWE-20, CWE-502, CWE-377, CWE-703, CWE-327, CWE-400, CWE-22, CWE-78"
pydantic,5f40fe4e3464643348f3256bd22c9a92f96cf22a,11766,62,6,26,122,11686,"CWE-330, CWE-605, CWE-259, CWE-20, CWE-502, CWE-377, CWE-703, CWE-327, CWE-400, CWE-22, CWE-78"
pydantic,61cfdad7c80dafb3094620fd8b7610aab291f8ac,11764,62,6,26,122,11684,"CWE-330, CWE-605, CWE-259, CWE-20, CWE-502, CWE-377, CWE-703, CWE-327, CWE-400, CWE-22, CWE-78"
pydantic,61fdb1838d1b6c5a22b43b0d1abc31161d02505c,11718,62,6,26,122,11638,"CWE-330, CWE-605, CWE-259, CWE-20, CWE-502, CWE-377, CWE-703, CWE-327, CWE-400, CWE-22, CWE-78"
pydantic,61feb9981777a0c2c10713bba05cdc8eaca7ba64,11774,62,6,26,122,11694,"CWE-330, CWE-605, CWE-259, CWE-20, CWE-502, CWE-377, CWE-703, CWE-327, CWE-400, CWE-22, CWE-78"
pydantic,67e4f597028635b73baaaf65fb50db7fda34c92b,11784,62,4,26,120,11704,"CWE-330, CWE-605, CWE-259, CWE-20, CWE-502, CWE-377, CWE-703, CWE-327, CWE-400, CWE-22, CWE-78"
pydantic,6a5b64090fcd4e4d454726bc5185ec1a3ffa5825,11752,62,6,26,122,11672,"CWE-330, CWE-605, CWE-259, CWE-20, CWE-502, CWE-377, CWE-703, CWE-327, CWE-400, CWE-22, CWE-78"
pydantic,6b0ba1105a93faf2eea4531c923221ce593e77a1,11792,62,4,26,120,11712,"CWE-330, CWE-605, CWE-259, CWE-20, CWE-502, CWE-377, CWE-703, CWE-327, CWE-400, CWE-22, CWE-78"
pydantic,6eeb99b224ea8acf2a47a5b649ade8fac3f2d9a6,11794,62,4,26,120,11714,"CWE-330, CWE-605, CWE-259, CWE-20, CWE-502, CWE-377, CWE-703, CWE-327, CWE-400, CWE-22, CWE-78"
pydantic,6f7691b5c1e1838aedf88414a41cd6a9a0caf1d6,11760,62,6,26,122,11680,"CWE-330, CWE-605, CWE-259, CWE-20, CWE-502, CWE-377, CWE-703, CWE-327, CWE-400, CWE-22, CWE-78"
pydantic,72c77bfff341b447b26f0d129aa0d5134da3037b,11782,62,6,26,122,11702,"CWE-330, CWE-605, CWE-259, CWE-20, CWE-502, CWE-377, CWE-703, CWE-327, CWE-400, CWE-22, CWE-78"
pydantic,7506b1c9d1aa72ab988501a88c9884748ba4fe7a,11714,62,6,26,122,11634,"CWE-330, CWE-605, CWE-259, CWE-20, CWE-502, CWE-377, CWE-703, CWE-327, CWE-400, CWE-22, CWE-78"
pydantic,75609f19be11a498685c770bb7aea13445c81c87,11796,62,4,26,120,11716,"CWE-330, CWE-605, CWE-259, CWE-20, CWE-502, CWE-377, CWE-703, CWE-327, CWE-400, CWE-22, CWE-78"
pydantic,796fed951ad8146f0a96d6aab3590b4638c86e66,11726,62,6,26,122,11646,"CWE-330, CWE-605, CWE-259, CWE-20, CWE-502, CWE-377, CWE-703, CWE-327, CWE-400, CWE-22, CWE-78"
pydantic,79d6008ea3549bcd62fb94d709b80b0ea5768046,11764,62,6,26,122,11684,"CWE-330, CWE-605, CWE-259, CWE-20, CWE-502, CWE-377, CWE-703, CWE-327, CWE-400, CWE-22, CWE-78"
pydantic,7ccad67149c3b97b7aa7d7c892a3e64db0d80e10,11794,62,4,26,120,11714,"CWE-330, CWE-605, CWE-259, CWE-20, CWE-502, CWE-377, CWE-703, CWE-327, CWE-400, CWE-22, CWE-78"
pydantic,8311d1ac6d23e82e96045c933f4d67ef2b2b5693,11752,62,6,26,122,11672,"CWE-330, CWE-605, CWE-259, CWE-20, CWE-502, CWE-377, CWE-703, CWE-327, CWE-400, CWE-22, CWE-78"
pydantic,85655e2e8ec4230fd34ef42db2c3e125f90987ee,11784,62,4,26,120,11704,"CWE-330, CWE-605, CWE-259, CWE-20, CWE-502, CWE-377, CWE-703, CWE-327, CWE-400, CWE-22, CWE-78"
pydantic,89d97688d34927c05bef0a7046dd4369fe401210,11764,62,6,26,122,11684,"CWE-330, CWE-605, CWE-259, CWE-20, CWE-502, CWE-377, CWE-703, CWE-327, CWE-400, CWE-22, CWE-78"
pydantic,8ef33a0bf51988b4364db14a9732e5eeb0617652,11706,62,6,26,122,11626,"CWE-330, CWE-605, CWE-259, CWE-20, CWE-502, CWE-377, CWE-703, CWE-327, CWE-400, CWE-22, CWE-78"
pydantic,8fc509d4a69983f64d8090ee6ebb0733da1f6d16,11726,62,6,26,122,11646,"CWE-330, CWE-605, CWE-259, CWE-20, CWE-502, CWE-377, CWE-703, CWE-327, CWE-400, CWE-22, CWE-78"
pydantic,8fe3aae8378ad268301c58143d3d9701638d1237,11764,62,6,26,122,11684,"CWE-330, CWE-605, CWE-259, CWE-20, CWE-502, CWE-377, CWE-703, CWE-327, CWE-400, CWE-22, CWE-78"
pydantic,929e8f47ede2f895290714a6de96e6fb7b4c926c,11764,62,6,26,122,11684,"CWE-330, CWE-605, CWE-259, CWE-20, CWE-502, CWE-377, CWE-703, CWE-327, CWE-400, CWE-22, CWE-78"
pydantic,931d217ea8b5c1a4f0855be7c6cf540e7c669516,11764,62,6,26,122,11684,"CWE-330, CWE-605, CWE-259, CWE-20, CWE-502, CWE-377, CWE-703, CWE-327, CWE-400, CWE-22, CWE-78"
pydantic,9553fa41c2b307e8d7b8d551dc66400110cd9760,11746,62,6,26,122,11666,"CWE-330, CWE-605, CWE-259, CWE-20, CWE-502, CWE-377, CWE-703, CWE-327, CWE-400, CWE-22, CWE-78"
pydantic,968d64f809a260e31fab8a8f7925ea6b4af2aecc,11718,62,6,26,122,11638,"CWE-330, CWE-605, CWE-259, CWE-20, CWE-502, CWE-377, CWE-703, CWE-327, CWE-400, CWE-22, CWE-78"
pydantic,980d2763eb24d972221c847bda61f1049fdbeeb1,11794,62,4,26,120,11714,"CWE-330, CWE-605, CWE-259, CWE-20, CWE-502, CWE-377, CWE-703, CWE-327, CWE-400, CWE-22, CWE-78"
pydantic,9dc7d0bd2b6eb68d8afd569ac43102be30b69f81,11726,62,6,26,122,11646,"CWE-330, CWE-605, CWE-259, CWE-20, CWE-502, CWE-377, CWE-703, CWE-327, CWE-400, CWE-22, CWE-78"
pydantic,a1f12c710c99d13f64becf696bf18ce49c5ea07c,11774,62,6,26,122,11694,"CWE-330, CWE-605, CWE-259, CWE-20, CWE-502, CWE-377, CWE-703, CWE-327, CWE-400, CWE-22, CWE-78"
pydantic,a2eb22bd42d919eef82461a1a77ae6d23a191b48,11726,62,6,26,122,11646,"CWE-330, CWE-605, CWE-259, CWE-20, CWE-502, CWE-377, CWE-703, CWE-327, CWE-400, CWE-22, CWE-78"
pydantic,a3fd33f3ccacea0bc874fb054851d78d357870a8,11718,62,6,26,122,11638,"CWE-330, CWE-605, CWE-259, CWE-20, CWE-502, CWE-377, CWE-703, CWE-327, CWE-400, CWE-22, CWE-78"
pydantic,a932510ecb63bec254af976331eb43564195cfd5,11764,62,6,26,122,11684,"CWE-330, CWE-605, CWE-259, CWE-20, CWE-502, CWE-377, CWE-703, CWE-327, CWE-400, CWE-22, CWE-78"
pydantic,aa59d5307ac8b9a4de34b1e22acfed6614bc7fc2,11792,62,4,26,120,11712,"CWE-330, CWE-605, CWE-259, CWE-20, CWE-502, CWE-377, CWE-703, CWE-327, CWE-400, CWE-22, CWE-78"
pydantic,aa85c3a14d109fabc9c6ca972b5c2f4bce733fac,11744,62,6,26,122,11664,"CWE-330, CWE-605, CWE-259, CWE-20, CWE-502, CWE-377, CWE-703, CWE-327, CWE-400, CWE-22, CWE-78"
pydantic,aac7a534934ffaf0c57475f662877b986161b6f3,11706,62,6,26,122,11626,"CWE-330, CWE-605, CWE-259, CWE-20, CWE-502, CWE-377, CWE-703, CWE-327, CWE-400, CWE-22, CWE-78"
pydantic,aad4c43479400b03a5e14795aedc9c5e11a7838e,11746,62,6,26,122,11666,"CWE-330, CWE-605, CWE-259, CWE-20, CWE-502, CWE-377, CWE-703, CWE-327, CWE-400, CWE-22, CWE-78"
pydantic,acb0f10fda1c78441e052c57b4288bc91431f852,11796,62,4,26,120,11716,"CWE-330, CWE-605, CWE-259, CWE-20, CWE-502, CWE-377, CWE-703, CWE-327, CWE-400, CWE-22, CWE-78"
pydantic,b0ef7d043f0c63c9cf25781e34597f43348aaafb,11760,62,6,26,122,11680,"CWE-330, CWE-605, CWE-259, CWE-20, CWE-502, CWE-377, CWE-703, CWE-327, CWE-400, CWE-22, CWE-78"
pydantic,b88bf661c9922411e1aee0df7d1b297cfab634dc,11764,62,6,26,122,11684,"CWE-330, CWE-605, CWE-259, CWE-20, CWE-502, CWE-377, CWE-703, CWE-327, CWE-400, CWE-22, CWE-78"
pydantic,bc54449c65698a9f2bb7581585d55f3b1e116729,11744,62,6,26,122,11664,"CWE-330, CWE-605, CWE-259, CWE-20, CWE-502, CWE-377, CWE-703, CWE-327, CWE-400, CWE-22, CWE-78"
pydantic,be262010b28972f500b4648e9fb947f51a660c59,11764,62,6,26,122,11684,"CWE-330, CWE-605, CWE-259, CWE-20, CWE-502, CWE-377, CWE-703, CWE-327, CWE-400, CWE-22, CWE-78"
pydantic,be3b3c0bc998bdcb63de55c1e9f4833ff41afe11,11764,62,6,26,122,11684,"CWE-330, CWE-605, CWE-259, CWE-20, CWE-502, CWE-377, CWE-703, CWE-327, CWE-400, CWE-22, CWE-78"
pydantic,bf610677638acd58488d69209ba1d787d471e010,11764,62,6,26,122,11684,"CWE-330, CWE-605, CWE-259, CWE-20, CWE-502, CWE-377, CWE-703, CWE-327, CWE-400, CWE-22, CWE-78"
pydantic,bfeca9b926bc7596858e27af341d0199f1aa3ae2,11726,62,6,26,122,11646,"CWE-330, CWE-605, CWE-259, CWE-20, CWE-502, CWE-377, CWE-703, CWE-327, CWE-400, CWE-22, CWE-78"
pydantic,c2102b7c2d76b626eb153eb4556d0af71bd14a77,11792,62,4,26,120,11712,"CWE-330, CWE-605, CWE-259, CWE-20, CWE-502, CWE-377, CWE-703, CWE-327, CWE-400, CWE-22, CWE-78"
pydantic,c371bd1202e0238778c62641064e8bfd45647e67,11716,62,6,26,122,11636,"CWE-330, CWE-605, CWE-259, CWE-20, CWE-502, CWE-377, CWE-703, CWE-327, CWE-400, CWE-22, CWE-78"
pydantic,c8acbec9c75a837bbece2dda1d786efa8f1dab56,11786,62,4,26,120,11706,"CWE-330, CWE-605, CWE-259, CWE-20, CWE-502, CWE-377, CWE-703, CWE-327, CWE-400, CWE-22, CWE-78"
pydantic,cb9f5a0704ff8466ab0a3abc5f09705e240548e5,11766,62,6,26,122,11686,"CWE-330, CWE-605, CWE-259, CWE-20, CWE-502, CWE-377, CWE-703, CWE-327, CWE-400, CWE-22, CWE-78"
pydantic,d494f6cbec2cf5a6d549aa8dddc4554ad53e7ad6,11744,62,6,26,122,11664,"CWE-330, CWE-605, CWE-259, CWE-20, CWE-502, CWE-377, CWE-703, CWE-327, CWE-400, CWE-22, CWE-78"
pydantic,d4fac869bb4ee003ea62f056526b0dcbbd1e566f,11784,62,4,26,120,11704,"CWE-330, CWE-605, CWE-259, CWE-20, CWE-502, CWE-377, CWE-703, CWE-327, CWE-400, CWE-22, CWE-78"
pydantic,d783945c5fad6755e4487f4d99b0ef6705aaa465,11764,62,6,26,122,11684,"CWE-330, CWE-605, CWE-259, CWE-20, CWE-502, CWE-377, CWE-703, CWE-327, CWE-400, CWE-22, CWE-78"
pydantic,da0449e00fa1ed203c18e81adae9775c4bbbad6f,11726,62,6,26,122,11646,"CWE-330, CWE-605, CWE-259, CWE-20, CWE-502, CWE-377, CWE-703, CWE-327, CWE-400, CWE-22, CWE-78"
pydantic,dac74dc1f87104b9ad47c8d2aae7e0d44ed05c77,11718,62,6,26,122,11638,"CWE-330, CWE-605, CWE-259, CWE-20, CWE-502, CWE-377, CWE-703, CWE-327, CWE-400, CWE-22, CWE-78"
pydantic,db061c2c520568bdd19e00acc491da184b5ea3a9,11712,62,6,26,122,11632,"CWE-330, CWE-605, CWE-259, CWE-20, CWE-502, CWE-377, CWE-703, CWE-327, CWE-400, CWE-22, CWE-78"
pydantic,deb9f96c6f36bc8f1f34c1ba9d8df5e61a49f79e,11764,62,6,26,122,11684,"CWE-330, CWE-605, CWE-259, CWE-20, CWE-502, CWE-377, CWE-703, CWE-327, CWE-400, CWE-22, CWE-78"
pydantic,e22661205ae26bf38644a09ac6da5d4661e0ed67,11786,62,4,26,120,11706,"CWE-330, CWE-605, CWE-259, CWE-20, CWE-502, CWE-377, CWE-703, CWE-327, CWE-400, CWE-22, CWE-78"
pydantic,e354fd431d2512e3670c8a3740ed03d69ee3465f,11764,62,6,26,122,11684,"CWE-330, CWE-605, CWE-259, CWE-20, CWE-502, CWE-377, CWE-703, CWE-327, CWE-400, CWE-22, CWE-78"
pydantic,e400287fe6bc2a3172ca69c36bb5912b2eae12b7,11718,62,6,26,122,11638,"CWE-330, CWE-605, CWE-259, CWE-20, CWE-502, CWE-377, CWE-703, CWE-327, CWE-400, CWE-22, CWE-78"
pydantic,e7abf5169049230addc686196a8f99f9ff960a94,11718,62,6,26,122,11638,"CWE-330, CWE-605, CWE-259, CWE-20, CWE-502, CWE-377, CWE-703, CWE-327, CWE-400, CWE-22, CWE-78"
pydantic,e9ff00c91dda4a85a29cc4cece1b6a97b97167a1,11706,62,6,26,122,11626,"CWE-330, CWE-605, CWE-259, CWE-20, CWE-502, CWE-377, CWE-703, CWE-327, CWE-400, CWE-22, CWE-78"
pydantic,ea3f18dea95e253d300c0a90095bb7005b1da90b,11766,62,6,26,122,11686,"CWE-330, CWE-605, CWE-259, CWE-20, CWE-502, CWE-377, CWE-703, CWE-327, CWE-400, CWE-22, CWE-78"
pydantic,f0cff7bfe73887e1803d8035c7a2cc8c0723c50b,11726,62,6,26,122,11646,"CWE-330, CWE-605, CWE-259, CWE-20, CWE-502, CWE-377, CWE-703, CWE-327, CWE-400, CWE-22, CWE-78"
pydantic,f5d1e3e7379ad59b3d674108d881c091abf5c879,11764,62,6,26,122,11684,"CWE-330, CWE-605, CWE-259, CWE-20, CWE-502, CWE-377, CWE-703, CWE-327, CWE-400, CWE-22, CWE-78"
pydantic,fa61ff8c220206fc4d0f02e0d36524350fd52bb3,11718,62,6,26,122,11638,"CWE-330, CWE-605, CWE-259, CWE-20, CWE-502, CWE-377, CWE-703, CWE-327, CWE-400, CWE-22, CWE-78"
pydantic,ff3789d4cc06ee024b7253b919d3e36748a72829,11788,62,6,26,122,11708,"CWE-330, CWE-605, CWE-259, CWE-20, CWE-502, CWE-377, CWE-703, CWE-327, CWE-400, CWE-22, CWE-78"
tqdm,02b29234f88272778b879b3da7589cbb9ce13dfd,2104,22,6,26,58,2048,"CWE-330, CWE-259, CWE-20, CWE-502, CWE-377, CWE-703, CWE-327, CWE-400, CWE-22, CWE-78"
tqdm,03b90e444ed18b88aed710371309c271c25ac391,2116,22,8,26,58,2062,"CWE-330, CWE-259, CWE-20, CWE-502, CWE-377, CWE-703, CWE-327, CWE-400, CWE-22, CWE-78"
tqdm,05bb4ffa1ba8ff72eb8a8d499045003263a2d3a7,2100,22,6,26,58,2044,"CWE-330, CWE-259, CWE-20, CWE-502, CWE-377, CWE-703, CWE-327, CWE-400, CWE-22, CWE-78"
tqdm,05e3d32a5fc8559e133e6d627d44afda93018637,2104,22,6,26,58,2048,"CWE-330, CWE-259, CWE-20, CWE-502, CWE-377, CWE-703, CWE-327, CWE-400, CWE-22, CWE-78"
tqdm,08e920741e2604be74fe95e7234a4f602fc08b92,2104,22,6,26,58,2048,"CWE-330, CWE-259, CWE-20, CWE-502, CWE-377, CWE-703, CWE-327, CWE-400, CWE-22, CWE-78"
tqdm,0a439b5289b28e0a511b16fd10005d44b06cfbde,2116,22,6,26,56,2062,"CWE-330, CWE-259, CWE-20, CWE-502, CWE-377, CWE-703, CWE-327, CWE-400, CWE-22, CWE-78"
tqdm,123cb1c036dac74e646bdea57056ad4af25a08e0,2116,22,6,26,58,2060,"CWE-330, CWE-259, CWE-20, CWE-502, CWE-377, CWE-703, CWE-327, CWE-400, CWE-22, CWE-78"
tqdm,1411a0fd6a350a7e712358fa943f71005852e23e,2106,22,6,26,58,2050,"CWE-330, CWE-259, CWE-20, CWE-502, CWE-377, CWE-703, CWE-327, CWE-400, CWE-22, CWE-78"
tqdm,17482374a5dbcab53ce3696a462e6c659314cd92,2100,22,6,26,58,2044,"CWE-330, CWE-259, CWE-20, CWE-502, CWE-377, CWE-703, CWE-327, CWE-400, CWE-22, CWE-78"
tqdm,1d29dec4b07de3dab34d3557baa9520cd9d46e38,2104,22,6,26,58,2048,"CWE-330, CWE-259, CWE-20, CWE-502, CWE-377, CWE-703, CWE-327, CWE-400, CWE-22, CWE-78"
tqdm,1db24b4ff442c43752cf56a55b1782998c76801c,2116,22,6,26,56,2062,"CWE-330, CWE-259, CWE-20, CWE-502, CWE-377, CWE-703, CWE-327, CWE-400, CWE-22, CWE-78"
tqdm,2527b355740e111f22984203e36e0855f1d5e05b,2104,22,6,26,58,2048,"CWE-330, CWE-259, CWE-20, CWE-502, CWE-377, CWE-703, CWE-327, CWE-400, CWE-22, CWE-78"
tqdm,2575c15c18013177d8eed81469797bd4e6561349,2116,22,6,26,56,2062,"CWE-330, CWE-259, CWE-20, CWE-502, CWE-377, CWE-703, CWE-327, CWE-400, CWE-22, CWE-78"
tqdm,29bfd664e4d64dd8616b20fd91ef29f1fad5695a,2100,22,6,26,58,2044,"CWE-330, CWE-259, CWE-20, CWE-502, CWE-377, CWE-703, CWE-327, CWE-400, CWE-22, CWE-78"
tqdm,2a9f1d23d3033c40ba9568285a144d711aa7d02b,2104,22,6,26,58,2048,"CWE-330, CWE-259, CWE-20, CWE-502, CWE-377, CWE-703, CWE-327, CWE-400, CWE-22, CWE-78"
tqdm,2efa1e8224d430095cca69287dad19e198c45396,2100,22,6,26,58,2044,"CWE-330, CWE-259, CWE-20, CWE-502, CWE-377, CWE-703, CWE-327, CWE-400, CWE-22, CWE-78"
tqdm,2fbad6ad511e551efe868e70f61c876e0c467fd0,2116,22,6,26,56,2062,"CWE-330, CWE-259, CWE-20, CWE-502, CWE-377, CWE-703, CWE-327, CWE-400, CWE-22, CWE-78"
tqdm,32da44f3404f50708c181ec871302334eb92c0a0,2100,22,6,26,58,2044,"CWE-330, CWE-259, CWE-20, CWE-502, CWE-377, CWE-703, CWE-327, CWE-400, CWE-22, CWE-78"
tqdm,342b15ed68ae7c5ec1082cadb1b563c7dfde610f,2116,22,6,26,56,2062,"CWE-330, CWE-259, CWE-20, CWE-502, CWE-377, CWE-703, CWE-327, CWE-400, CWE-22, CWE-78"
tqdm,38593d8b004ba51c772015d0594b1c706eac86ce,2100,22,6,26,58,2044,"CWE-330, CWE-259, CWE-20, CWE-502, CWE-377, CWE-703, CWE-327, CWE-400, CWE-22, CWE-78"
tqdm,3abcd2ac90ecb01ac7f64071af600f803eab6a21,2118,22,6,26,58,2062,"CWE-330, CWE-259, CWE-20, CWE-502, CWE-377, CWE-703, CWE-327, CWE-400, CWE-22, CWE-78"
tqdm,3bf4c97913b96e219307f00961934f6dd2f7823b,2116,22,6,26,56,2062,"CWE-330, CWE-259, CWE-20, CWE-502, CWE-377, CWE-703, CWE-327, CWE-400, CWE-22, CWE-78"
tqdm,43230f6095a1ab5068481d543dc7ec3a60a3c08b,2116,22,6,26,56,2062,"CWE-330, CWE-259, CWE-20, CWE-502, CWE-377, CWE-703, CWE-327, CWE-400, CWE-22, CWE-78"
tqdm,46cd3958045370f56f68faf6e12877c540419ec8,2116,22,6,26,56,2062,"CWE-330, CWE-259, CWE-20, CWE-502, CWE-377, CWE-703, CWE-327, CWE-400, CWE-22, CWE-78"
tqdm,47b9227f45a8038bcec9a784242db8f65ff8335e,2116,22,6,26,56,2062,"CWE-330, CWE-259, CWE-20, CWE-502, CWE-377, CWE-703, CWE-327, CWE-400, CWE-22, CWE-78"
tqdm,4a1d10e19fdca00db47fd50725715dc5e4aa68e6,2104,22,6,26,58,2048,"CWE-330, CWE-259, CWE-20, CWE-502, CWE-377, CWE-703, CWE-327, CWE-400, CWE-22, CWE-78"
tqdm,4a442b462a8ce62c749278e77c822d0d49961d48,2100,22,6,26,58,2044,"CWE-330, CWE-259, CWE-20, CWE-502, CWE-377, CWE-703, CWE-327, CWE-400, CWE-22, CWE-78"
tqdm,4a6fd4f690a4add231f4bef601521ed9bee513fb,2118,22,6,26,58,2062,"CWE-330, CWE-259, CWE-20, CWE-502, CWE-377, CWE-703, CWE-327, CWE-400, CWE-22, CWE-78"
tqdm,4f54ec0f8bff9bc5a3a3d09900b53939e5a1f2f2,2100,22,6,26,58,2044,"CWE-330, CWE-259, CWE-20, CWE-502, CWE-377, CWE-703, CWE-327, CWE-400, CWE-22, CWE-78"
tqdm,4f662763e6b97c3288497e653d394681427694ac,2116,22,6,26,56,2062,"CWE-330, CWE-259, CWE-20, CWE-502, CWE-377, CWE-703, CWE-327, CWE-400, CWE-22, CWE-78"
tqdm,52d78121b1c6499b1a477c8f1f3a69cd896c6c55,2100,22,6,26,58,2044,"CWE-330, CWE-259, CWE-20, CWE-502, CWE-377, CWE-703, CWE-327, CWE-400, CWE-22, CWE-78"
tqdm,5306125133d76e0f9326d747d29781fefe273c77,2118,22,6,26,58,2062,"CWE-330, CWE-259, CWE-20, CWE-502, CWE-377, CWE-703, CWE-327, CWE-400, CWE-22, CWE-78"
tqdm,54796cc1519dceb9bd20edaf3e1664d4cdf125a7,2116,22,6,26,56,2062,"CWE-330, CWE-259, CWE-20, CWE-502, CWE-377, CWE-703, CWE-327, CWE-400, CWE-22, CWE-78"
tqdm,5ba65950bdca7e7a7520869df87f398cffbbe585,2116,22,6,26,56,2062,"CWE-330, CWE-259, CWE-20, CWE-502, CWE-377, CWE-703, CWE-327, CWE-400, CWE-22, CWE-78"
tqdm,61365d8321ae4ca433d2c6cda770a73a8e0e62cb,2116,22,6,26,56,2062,"CWE-330, CWE-259, CWE-20, CWE-502, CWE-377, CWE-703, CWE-327, CWE-400, CWE-22, CWE-78"
tqdm,6338f6216996918fdc9c9a73bf095acac54ce0bb,2116,22,6,26,56,2062,"CWE-330, CWE-259, CWE-20, CWE-502, CWE-377, CWE-703, CWE-327, CWE-400, CWE-22, CWE-78"
tqdm,6426c55b0f546a51be6e60034f34fbcaa87f679b,2104,22,6,26,58,2048,"CWE-330, CWE-259, CWE-20, CWE-502, CWE-377, CWE-703, CWE-327, CWE-400, CWE-22, CWE-78"
tqdm,670840021ddea4908a2e68144ce6c009d7e16e96,2116,22,6,26,56,2062,"CWE-330, CWE-259, CWE-20, CWE-502, CWE-377, CWE-703, CWE-327, CWE-400, CWE-22, CWE-78"
tqdm,687f5e4ccf473980a373d7e17208c53dcd9ec60d,2100,22,6,26,58,2044,"CWE-330, CWE-259, CWE-20, CWE-502, CWE-377, CWE-703, CWE-327, CWE-400, CWE-22, CWE-78"
tqdm,6ba43f2631a18f8bfe2cd1bb2071c507e88ce6d8,2104,22,6,26,58,2048,"CWE-330, CWE-259, CWE-20, CWE-502, CWE-377, CWE-703, CWE-327, CWE-400, CWE-22, CWE-78"
tqdm,6ce50bedb3c525f762258fb0701aacae15515f4d,2112,22,6,26,58,2056,"CWE-330, CWE-259, CWE-20, CWE-502, CWE-377, CWE-703, CWE-327, CWE-400, CWE-22, CWE-78"
tqdm,6f13759f4a0e1047a09732e72f6d07e44d3e6855,2118,22,6,26,58,2062,"CWE-330, CWE-259, CWE-20, CWE-502, CWE-377, CWE-703, CWE-327, CWE-400, CWE-22, CWE-78"
tqdm,6feef44607c8baf850712d6d5c54797bbcdee9d5,2100,22,6,26,58,2044,"CWE-330, CWE-259, CWE-20, CWE-502, CWE-377, CWE-703, CWE-327, CWE-400, CWE-22, CWE-78"
tqdm,729db6c1b52f44c01b06b2338d0688ab83b00f01,2116,22,6,26,56,2062,"CWE-330, CWE-259, CWE-20, CWE-502, CWE-377, CWE-703, CWE-327, CWE-400, CWE-22, CWE-78"
tqdm,7323d5bcc9b032d525f9d6468a9713f5be9c4174,2118,22,6,26,58,2062,"CWE-330, CWE-259, CWE-20, CWE-502, CWE-377, CWE-703, CWE-327, CWE-400, CWE-22, CWE-78"
tqdm,754186291e6b4e28ea8b56c9493adc03bf14c404,2104,22,6,26,58,2048,"CWE-330, CWE-259, CWE-20, CWE-502, CWE-377, CWE-703, CWE-327, CWE-400, CWE-22, CWE-78"
tqdm,783bd6e07009bfe873701abd96671df561bdbba2,2100,22,6,26,58,2044,"CWE-330, CWE-259, CWE-20, CWE-502, CWE-377, CWE-703, CWE-327, CWE-400, CWE-22, CWE-78"
tqdm,7994aa8285743b351cf1a3b36275335d8d0730b7,2104,22,6,26,58,2048,"CWE-330, CWE-259, CWE-20, CWE-502, CWE-377, CWE-703, CWE-327, CWE-400, CWE-22, CWE-78"
tqdm,7cb795d7ee7a96b4fdea74e38727b0c2c861373e,2100,22,6,26,58,2044,"CWE-330, CWE-259, CWE-20, CWE-502, CWE-377, CWE-703, CWE-327, CWE-400, CWE-22, CWE-78"
tqdm,7faf97e97842f4f9e5fb1a069c24e9db0063b3f5,2100,22,6,26,58,2044,"CWE-330, CWE-259, CWE-20, CWE-502, CWE-377, CWE-703, CWE-327, CWE-400, CWE-22, CWE-78"
tqdm,84546d6be86810915b868078efb4d426dbac9d6c,2108,22,6,26,58,2052,"CWE-330, CWE-259, CWE-20, CWE-502, CWE-377, CWE-703, CWE-327, CWE-400, CWE-22, CWE-78"
tqdm,8785c52025959b5e093e3b40d63be3a408b3d609,2100,22,6,26,58,2044,"CWE-330, CWE-259, CWE-20, CWE-502, CWE-377, CWE-703, CWE-327, CWE-400, CWE-22, CWE-78"
tqdm,8aa9470e485a90679936d3781a4f953cf5afa8f4,2116,22,6,26,56,2062,"CWE-330, CWE-259, CWE-20, CWE-502, CWE-377, CWE-703, CWE-327, CWE-400, CWE-22, CWE-78"
tqdm,8f8560c9450488fc4c1aad37f2042ce4888e3005,2100,22,6,26,58,2044,"CWE-330, CWE-259, CWE-20, CWE-502, CWE-377, CWE-703, CWE-327, CWE-400, CWE-22, CWE-78"
tqdm,8fb3d91f561e2a286a7fda13291eda16613dac39,2104,22,6,26,58,2048,"CWE-330, CWE-259, CWE-20, CWE-502, CWE-377, CWE-703, CWE-327, CWE-400, CWE-22, CWE-78"
tqdm,938b24ac8d389bffd5e8a23da89abe3325e74149,2104,22,6,26,58,2048,"CWE-330, CWE-259, CWE-20, CWE-502, CWE-377, CWE-703, CWE-327, CWE-400, CWE-22, CWE-78"
tqdm,96fe8c504a0660de8b0baf4be4b57f97d9c8d1ba,2104,22,6,26,58,2048,"CWE-330, CWE-259, CWE-20, CWE-502, CWE-377, CWE-703, CWE-327, CWE-400, CWE-22, CWE-78"
tqdm,9a11b2e591d77d5ff2dc1e27fb469f27e78b6dbf,2112,22,6,26,58,2056,"CWE-330, CWE-259, CWE-20, CWE-502, CWE-377, CWE-703, CWE-327, CWE-400, CWE-22, CWE-78"
tqdm,9f0ffe6e9f77f0b15274684920bbd69adce5d3be,2104,22,6,26,58,2048,"CWE-330, CWE-259, CWE-20, CWE-502, CWE-377, CWE-703, CWE-327, CWE-400, CWE-22, CWE-78"
tqdm,a1d4401f186dc5a79b4ad452f38cae75e1f2e6da,2104,22,6,26,58,2048,"CWE-330, CWE-259, CWE-20, CWE-502, CWE-377, CWE-703, CWE-327, CWE-400, CWE-22, CWE-78"
tqdm,a2d5f1c9d1cbdbcf56f52dc4365ea4124e3e33f7,2116,22,6,26,56,2062,"CWE-330, CWE-259, CWE-20, CWE-502, CWE-377, CWE-703, CWE-327, CWE-400, CWE-22, CWE-78"
tqdm,a365e168b7b36c4c6b904ea22a2839945345f233,2116,22,6,26,56,2062,"CWE-330, CWE-259, CWE-20, CWE-502, CWE-377, CWE-703, CWE-327, CWE-400, CWE-22, CWE-78"
tqdm,a4d15c8e2f6c7322c1a1cd1d845927f037281da1,2118,22,6,26,58,2062,"CWE-330, CWE-259, CWE-20, CWE-502, CWE-377, CWE-703, CWE-327, CWE-400, CWE-22, CWE-78"
tqdm,a587f3037eb6822573ffe36eda79105569a5a8b4,2100,22,6,26,58,2044,"CWE-330, CWE-259, CWE-20, CWE-502, CWE-377, CWE-703, CWE-327, CWE-400, CWE-22, CWE-78"
tqdm,a6139189856349e96b5bfad30e0c296d44861fb1,2104,22,6,26,58,2048,"CWE-330, CWE-259, CWE-20, CWE-502, CWE-377, CWE-703, CWE-327, CWE-400, CWE-22, CWE-78"
tqdm,a95cd884659dda1b75ce0282beb5724ccf416aa7,2118,22,6,26,58,2062,"CWE-330, CWE-259, CWE-20, CWE-502, CWE-377, CWE-703, CWE-327, CWE-400, CWE-22, CWE-78"
tqdm,b38a9221c4b2723a82d8b186c0fd8e7b05771a12,2116,22,6,26,58,2060,"CWE-330, CWE-259, CWE-20, CWE-502, CWE-377, CWE-703, CWE-327, CWE-400, CWE-22, CWE-78"
tqdm,b53348c73080b4edeb30b4823d1fa0d8d2c06721,2116,22,6,26,56,2062,"CWE-330, CWE-259, CWE-20, CWE-502, CWE-377, CWE-703, CWE-327, CWE-400, CWE-22, CWE-78"
tqdm,b78efea5903a5f511a3bb22f8de32340ca4b954b,2116,22,8,26,58,2062,"CWE-330, CWE-259, CWE-20, CWE-502, CWE-377, CWE-703, CWE-327, CWE-400, CWE-22, CWE-78"
tqdm,bb69e6de46a172bfe6b19759ed75eed0327219c9,2104,22,6,26,58,2048,"CWE-330, CWE-259, CWE-20, CWE-502, CWE-377, CWE-703, CWE-327, CWE-400, CWE-22, CWE-78"
tqdm,bda614a39b99e00ae5ad24087e3531cc6f878f99,2116,22,6,26,58,2060,"CWE-330, CWE-259, CWE-20, CWE-502, CWE-377, CWE-703, CWE-327, CWE-400, CWE-22, CWE-78"
tqdm,bdc3a2a794971282e533824df237c1754f837459,2100,22,6,26,58,2044,"CWE-330, CWE-259, CWE-20, CWE-502, CWE-377, CWE-703, CWE-327, CWE-400, CWE-22, CWE-78"
tqdm,bdf32a7c70ebda1edf2ea9eb53aac416f594658d,2104,22,6,26,58,2048,"CWE-330, CWE-259, CWE-20, CWE-502, CWE-377, CWE-703, CWE-327, CWE-400, CWE-22, CWE-78"
tqdm,bf6c960f60f8a390b47ac55d2ece3ffc419e5dcd,2104,22,6,26,58,2048,"CWE-330, CWE-259, CWE-20, CWE-502, CWE-377, CWE-703, CWE-327, CWE-400, CWE-22, CWE-78"
tqdm,c0a893b9e4501a872e8768b7f82d89f505b10d42,2100,22,6,26,58,2044,"CWE-330, CWE-259, CWE-20, CWE-502, CWE-377, CWE-703, CWE-327, CWE-400, CWE-22, CWE-78"
tqdm,c61a5679d234849343c5d5c55ae676ad14308c59,2104,22,6,26,58,2048,"CWE-330, CWE-259, CWE-20, CWE-502, CWE-377, CWE-703, CWE-327, CWE-400, CWE-22, CWE-78"
tqdm,c66458d9ac2ad096937406f79d105af891cee6e7,2116,22,6,26,56,2062,"CWE-330, CWE-259, CWE-20, CWE-502, CWE-377, CWE-703, CWE-327, CWE-400, CWE-22, CWE-78"
tqdm,c9738ed8d0529c2f347b65db5fa56b7dea4189d3,2100,22,6,26,58,2044,"CWE-330, CWE-259, CWE-20, CWE-502, CWE-377, CWE-703, CWE-327, CWE-400, CWE-22, CWE-78"
tqdm,cac7150d7c8a650c7e76004cd7f8643990932c7f,2116,22,6,26,56,2062,"CWE-330, CWE-259, CWE-20, CWE-502, CWE-377, CWE-703, CWE-327, CWE-400, CWE-22, CWE-78"
tqdm,d13dfbf63ba625786dcf7996df0f51cc50fb23a5,2100,22,6,26,58,2044,"CWE-330, CWE-259, CWE-20, CWE-502, CWE-377, CWE-703, CWE-327, CWE-400, CWE-22, CWE-78"
tqdm,d14adb602b9248e3faa6a2cf29aceb1d084fcbf4,2104,22,6,26,58,2048,"CWE-330, CWE-259, CWE-20, CWE-502, CWE-377, CWE-703, CWE-327, CWE-400, CWE-22, CWE-78"
tqdm,d434a3c44e90712795a2c7820fd1ced8bcc526b1,2108,22,6,26,58,2052,"CWE-330, CWE-259, CWE-20, CWE-502, CWE-377, CWE-703, CWE-327, CWE-400, CWE-22, CWE-78"
tqdm,d774884a1acc224925d333aca864ede5edd3b33f,2116,22,6,26,56,2062,"CWE-330, CWE-259, CWE-20, CWE-502, CWE-377, CWE-703, CWE-327, CWE-400, CWE-22, CWE-78"
tqdm,d7f469eb2e0df481e0555ad3bc04f94eae69cdd7,2116,22,6,26,56,2062,"CWE-330, CWE-259, CWE-20, CWE-502, CWE-377, CWE-703, CWE-327, CWE-400, CWE-22, CWE-78"
tqdm,d8ac65641ddfa87c3c6b1f729b3e89bb002fa600,2116,22,6,26,56,2062,"CWE-330, CWE-259, CWE-20, CWE-502, CWE-377, CWE-703, CWE-327, CWE-400, CWE-22, CWE-78"
tqdm,e213e88e55fd6c3378d19e667487e259f2742efc,2104,22,6,26,58,2048,"CWE-330, CWE-259, CWE-20, CWE-502, CWE-377, CWE-703, CWE-327, CWE-400, CWE-22, CWE-78"
tqdm,e84d488954c29483f2ce1e215fdb5cfd3689ab4a,2116,22,6,26,56,2062,"CWE-330, CWE-259, CWE-20, CWE-502, CWE-377, CWE-703, CWE-327, CWE-400, CWE-22, CWE-78"
tqdm,e9f0c05097dc167031575391d83240d37556f098,2118,22,6,26,58,2062,"CWE-330, CWE-259, CWE-20, CWE-502, CWE-377, CWE-703, CWE-327, CWE-400, CWE-22, CWE-78"
tqdm,ea1ba1b7d2b4d9a89c394c5989910cd9a7c77c03,2116,22,6,26,58,2060,"CWE-330, CWE-259, CWE-20, CWE-502, CWE-377, CWE-703, CWE-327, CWE-400, CWE-22, CWE-78"
tqdm,ee94a1c69deb57b171be6ecb2c6bf85eee250d79,2116,22,6,26,58,2060,"CWE-330, CWE-259, CWE-20, CWE-502, CWE-377, CWE-703, CWE-327, CWE-400, CWE-22, CWE-78"
tqdm,eed9be2add032f978f978140ba769bd3aaa6130c,2116,22,6,26,56,2062,"CWE-330, CWE-259, CWE-20, CWE-502, CWE-377, CWE-703, CWE-327, CWE-400, CWE-22, CWE-78"
tqdm,f1129e70c9983c527413e50e63016d4d885c51d3,2116,22,8,26,58,2062,"CWE-330, CWE-259, CWE-20, CWE-502, CWE-377, CWE-703, CWE-327, CWE-400, CWE-22, CWE-78"
tqdm,f12b8bc907b5f333147d538deaf30686ed5cb99f,2108,22,6,26,58,2052,"CWE-330, CWE-259, CWE-20, CWE-502, CWE-377, CWE-703, CWE-327, CWE-400, CWE-22, CWE-78"
tqdm,f44f5b96ec9a94443df021081c445504214747a6,2100,22,6,26,58,2044,"CWE-330, CWE-259, CWE-20, CWE-502, CWE-377, CWE-703, CWE-327, CWE-400, CWE-22, CWE-78"
tqdm,f75e74217b98f1e6cd0efcc8a9cbe6a45aafe734,2104,22,6,26,58,2048,"CWE-330, CWE-259, CWE-20, CWE-502, CWE-377, CWE-703, CWE-327, CWE-400, CWE-22, CWE-78"
tqdm,f8330bc5b7c4fd312f271fb1f86174d7e6a8fed4,2116,22,6,26,56,2062,"CWE-330, CWE-259, CWE-20, CWE-502, CWE-377, CWE-703, CWE-327, CWE-400, CWE-22, CWE-78"
tqdm,fb0844f4dd576da65351e5381424d7790cff34e6,2104,22,6,26,58,2048,"CWE-330, CWE-259, CWE-20, CWE-502, CWE-377, CWE-703, CWE-327, CWE-400, CWE-22, CWE-78"
tqdm,ff495c1c447eba9d2238b30b19eee63de3fea4b6,2100,22,6,26,58,2044,"CWE-330, CWE-259, CWE-20, CWE-502, CWE-377, CWE-703, CWE-327, CWE-400, CWE-22, CWE-78"
tqdm,fff3bf5f3ead77e493cad1ce29d8adf1b72da33c,2106,22,6,26,58,2050,"CWE-330, CWE-259, CWE-20, CWE-502, CWE-377, CWE-703, CWE-327, CWE-400, CWE-22, CWE-78"
